Desicion_Tree_accuracy,Desicion_Tree_precison,Desicion_Tree_recall,Desicion_Tree_f1
0.971883786316776,0.9731336378250166,0.971883786316776,0.9719949685174855
