Desicion_Tree_accuracy,Desicion_Tree_precison,Desicion_Tree_recall,Desicion_Tree_f1
0.9205020920502092,0.924973987735494,0.9205020920502092,0.9223431247995966
