Logistic_OvR_accuracy,Logistic_OvR_precison,Logistic_OvR_recall,Logistic_OvR_f1
0.9163179916317992,0.9136940642507624,0.9163179916317992,0.8815487930006943
