Logistic_OvR_accuracy,Logistic_OvR_precison,Logistic_OvR_recall,Logistic_OvR_f1
0.7731958762886598,0.7650919440133236,0.7731958762886598,0.7670011708481449
