Logistic_OvO_accuracy,Logistic_OvO_precison,Logistic_OvO_recall,Logistic_OvO_f1
0.8322399250234301,0.8299013470435191,0.8322399250234301,0.8301292324880104
