Logistic_Reg_accuracy,Logistic_Reg_precison,Logistic_Reg_recall,Logistic_Reg_f1
0.6298031865042174,0.6186852122487153,0.6298031865042174,0.6094614522737506
