Logistic_OvO_accuracy,Logistic_OvO_precison,Logistic_OvO_recall,Logistic_OvO_f1
0.9163179916317992,0.9136940642507624,0.9163179916317992,0.8815487930006943
