Random_Forest_accuracy,Random_Forest_precison,Random_Forest_recall,Random_Forest_f1
0.9372384937238494,0.932405136343962,0.9372384937238494,0.9202510460251045
