Random_Forest_accuracy,Random_Forest_precison,Random_Forest_recall,Random_Forest_f1
0.9906279287722587,0.9907723152240966,0.9906279287722587,0.9906346744323637
