Random_Forest_accuracy,Random_Forest_precison,Random_Forest_recall,Random_Forest_f1
0.9372384937238494,0.9412789340420565,0.9372384937238494,0.919188090430054
