XGBoost_accuracy,XGBoost_precison,XGBoost_recall,XGBoost_f1
0.985941893158388,0.9860980424126147,0.985941893158388,0.9859551258302985
