XGBoost_accuracy,XGBoost_precison,XGBoost_recall,XGBoost_f1
0.9330543933054394,0.9256948595337717,0.9330543933054394,0.9229349287188323
